{
  "E1": {
    "experiment": "E1_MTM_Convergence",
    "n_transactions": 300,
    "n_epochs": 30,
    "initial_loss": 2.7628819942474365,
    "final_loss": 2.6496920585632324,
    "loss_reduction_ratio": 0.040968067373081986,
    "losses": [
      2.7628819942474365,
      2.7746880054473877,
      2.792057991027832,
      2.78387451171875,
      2.792513132095337,
      2.6805830001831055,
      2.8097472190856934,
      2.793874740600586,
      2.749446392059326,
      2.7063684463500977,
      2.6937520503997803,
      2.75650691986084,
      2.755833387374878,
      2.691300392150879,
      2.713406562805176,
      2.7118630409240723,
      2.6792280673980713,
      2.7071664333343506,
      2.7231760025024414,
      2.72298526763916,
      2.7535552978515625,
      2.7276155948638916,
      2.6624834537506104,
      2.685236930847168,
      2.72757625579834,
      2.687225103378296,
      2.6579606533050537,
      2.796527862548828,
      2.682607650756836,
      2.6496920585632324
    ],
    "elapsed_sec": 0.10360750000108965,
    "converged": false
  },
  "E2": {
    "experiment": "E2_DIP_Accuracy",
    "n_transactions": 500,
    "dense_ratio": 0.3659999966621399,
    "dip_losses": [
      0.7358102798461914,
      0.7276833653450012,
      0.7206856608390808,
      0.7146607637405396,
      0.7094729542732239,
      0.7050046324729919,
      0.7011544108390808,
      0.6978350877761841,
      0.6949715614318848,
      0.6924995183944702,
      0.6903635263442993,
      0.68851637840271,
      0.6869171857833862,
      0.6855312585830688,
      0.6843286156654358,
      0.683283805847168,
      0.6823746562004089,
      0.6815824508666992,
      0.6808908581733704,
      0.6802859902381897,
      0.6797559857368469,
      0.6792904734611511,
      0.6788806319236755,
      0.6785188317298889,
      0.6781985759735107,
      0.6779142022132874,
      0.6776607632637024,
      0.6774342060089111,
      0.677230715751648,
      0.6770473718643188
    ],
    "best_threshold": 0.3,
    "best_f1": 0.49411764705882355,
    "auc": 0.49700056885763044,
    "threshold_results": [
      {
        "threshold": 0.3,
        "precision": 0.3567961165048544,
        "recall": 0.8032786885245902,
        "f1": 0.49411764705882355
      },
      {
        "threshold": 0.4,
        "precision": 0.3564356435643564,
        "recall": 0.39344262295081966,
        "f1": 0.374025974025974
      },
      {
        "threshold": 0.5,
        "precision": 0.4,
        "recall": 0.09836065573770492,
        "f1": 0.15789473684210528
      },
      {
        "threshold": 0.6,
        "precision": 0.0,
        "recall": 0.0,
        "f1": 0.0
      },
      {
        "threshold": 0.7,
        "precision": 0.0,
        "recall": 0.0,
        "f1": 0.0
      }
    ]
  },
  "E3": {
    "experiment": "E3_Comparison",
    "n_transactions": 500,
    "traditional": {
      "n_patterns": 101,
      "n_intervals": 517,
      "time_sec": 0.012322042020969093
    },
    "foundation_model": {
      "n_intervals": 1,
      "time_sec": 0.3227296249824576,
      "intervals": [
        [
          0,
          499
        ]
      ]
    },
    "comparison_metrics": {
      "precision": 0.972,
      "recall": 0.9938650306748467,
      "f1": 0.9828109201213348,
      "iou": 0.9662027833001988
    }
  },
  "E4": {
    "experiment": "E4_Scalability",
    "timing_results": [
      {
        "n_transactions": 100,
        "encode_time_sec": 0.001333416992565617,
        "pretrain_time_sec": 0.003655624983366579,
        "inference_time_sec": 0.0013484589871950448
      },
      {
        "n_transactions": 200,
        "encode_time_sec": 0.0030627090018242598,
        "pretrain_time_sec": 0.009366749989567325,
        "inference_time_sec": 0.0029575839871540666
      },
      {
        "n_transactions": 500,
        "encode_time_sec": 0.011089167004683986,
        "pretrain_time_sec": 0.04570141699514352,
        "inference_time_sec": 0.011071749991970137
      },
      {
        "n_transactions": 1000,
        "encode_time_sec": 0.04086970799835399,
        "pretrain_time_sec": 0.1765107499959413,
        "inference_time_sec": 0.03634554200107232
      },
      {
        "n_transactions": 2000,
        "encode_time_sec": 0.16284862501197495,
        "pretrain_time_sec": 0.7359868750208989,
        "inference_time_sec": 0.12981020798906684
      }
    ]
  },
  "E5": {
    "experiment": "E5_Embedding_Quality",
    "n_transactions": 500,
    "n_dense": 183,
    "n_non_dense": 317,
    "separation_before": 0.2695577144622803,
    "separation_after": 0.2695577144622803,
    "separation_improvement": 0.0,
    "intra_dense_cosine_before": 0.9069786071777344,
    "intra_dense_cosine_after": 0.9069786071777344
  }
}