{
  "experiment": "E1",
  "k": 5,
  "topk_patterns": [
    [
      1
    ],
    [
      2
    ],
    [
      3
    ],
    [
      4
    ],
    [
      5
    ]
  ],
  "topk_scores": {
    "(2,)": 4958.8,
    "(3,)": 4802.0,
    "(5,)": 4730.6,
    "(4,)": 4617.8,
    "(1,)": 3654.4000000000005
  },
  "grid_patterns": [
    [
      1
    ],
    [
      2
    ],
    [
      3
    ],
    [
      4
    ],
    [
      5
    ]
  ],
  "jaccard_similarity": 1.0,
  "topk_time_ms": 3.9242079947143793,
  "grid_time_ms": 5.797541001811624,
  "speedup": 1.4773786225451062
}