{
  "e1": {
    "effect_sizes": [
      0.05,
      0.1,
      0.15,
      0.2,
      0.3,
      0.4
    ],
    "recovered": [
      0.03575999010235838,
      0.0828533234356917,
      0.13034665676902502,
      0.17521332343569168,
      0.26937332343569176,
      0.36261332343569175
    ],
    "p_values": [
      0.5928571428571427,
      0.34285714285714286,
      0.1928571428571428,
      0.1571428571428571,
      0.14999999999999997,
      0.14999999999999997
    ],
    "errors": [
      0.014240009897641626,
      0.017146676564308308,
      0.01965334323097498,
      0.02478667656430833,
      0.03062667656430823,
      0.037386676564308274
    ]
  },
  "e2": {
    "n_donors": [
      2,
      3,
      5,
      8,
      12,
      20
    ],
    "mean_error": [
      0.02606209374194905,
      0.029880198175673594,
      0.03453852474051707,
      0.03791285041276457,
      0.018167461304740607,
      0.027429483422379733
    ],
    "mean_p": [
      0.33333333333333326,
      0.26666666666666666,
      0.16666666666666663,
      0.12592592592592594,
      0.0769230769230769,
      0.06031746031746034
    ],
    "pre_rmspe": [
      0.07638407781247904,
      0.06536521817508559,
      0.05533064021011659,
      0.05452745953924616,
      0.052004402248551754,
      0.0459863860572728
    ]
  },
  "e3": {
    "n_trials": 100,
    "n_valid": 100,
    "alpha_levels": [
      0.01,
      0.05,
      0.1
    ],
    "rejection_rates": [
      0.0,
      0.0,
      0.0
    ],
    "mean_p_value": 0.6183333333333334
  },
  "e4": {
    "seeds": [
      0,
      1,
      2,
      3,
      4,
      5,
      6,
      7,
      8,
      9
    ],
    "recovered_effect": [
      0.16948461756981908,
      0.13675110773148008,
      0.1657995201214518,
      0.09305624707737513,
      0.1420588078349786,
      0.12980111925833904,
      0.17776925123999276,
      0.17026206983901873,
      0.12435354817711608,
      0.11570551548939832
    ],
    "p_value": [
      0.16666666666666666,
      0.16666666666666666,
      0.16666666666666666,
      0.16666666666666666,
      0.16666666666666666,
      0.16666666666666666,
      0.16666666666666666,
      0.16666666666666666,
      0.16666666666666666,
      0.16666666666666666
    ],
    "ci_width": [
      0.01914202002112017,
      0.008696096661741244,
      0.019348409786999154,
      0.01431281682242299,
      0.019351795473513688,
      0.009284925134119298,
      0.007753844103010849,
      0.017596275363377892,
      0.0150281482951645,
      0.014142458532272377
    ],
    "mean_effect": 0.14250418043389695,
    "mean_p": 0.16666666666666669,
    "true_effect": 0.15
  },
  "e5": {
    "scm_p": [
      0.14285714285714285,
      0.14285714285714285,
      0.14285714285714285,
      0.14285714285714285,
      0.2857142857142857,
      0.14285714285714285,
      0.14285714285714285,
      0.14285714285714285,
      0.2857142857142857,
      0.14285714285714285,
      0.14285714285714285,
      0.14285714285714285,
      0.14285714285714285,
      0.14285714285714285,
      0.14285714285714285
    ],
    "perm_p": [
      0.005,
      0.005,
      0.005,
      0.005,
      0.005,
      0.005,
      0.005,
      0.005,
      0.005,
      0.005,
      0.005,
      0.005,
      0.005,
      0.005,
      0.005
    ],
    "scm_detected": [
      false,
      false,
      false,
      false,
      false,
      false,
      false,
      false,
      false,
      false,
      false,
      false,
      false,
      false,
      false
    ],
    "perm_detected": [
      true,
      true,
      true,
      true,
      true,
      true,
      true,
      true,
      true,
      true,
      true,
      true,
      true,
      true,
      true
    ],
    "scm_power": 0.0,
    "perm_power": 1.0
  }
}